<?xml version="1.0"?>
<!DOCTYPE hibernate-mapping PUBLIC "-//Hibernate/Hibernate Mapping DTD 3.0//EN"
"http://hibernate.sourceforge.net/hibernate-mapping-3.0.dtd">
<!-- Generated 19 Feb, 2020 9:40:41 AM by Hibernate Tools 3.5.0.Final -->
<hibernate-mapping>
    <class name="org.dem.HibernateMaven.Mobile" table="MOBILE">
        <id name="model" type="java.lang.String">
            <column name="MODEL" />
            <generator class="assigned" />
        </id>
        <property name="brand" type="java.lang.String">
            <column name="BRAND" />
        </property>
    </class>
</hibernate-mapping>
